HTML5;Curso de HTML5;40;37;2014
Algoritmos;Lógica de Programação;20;15;2014
Photoshop5;Dicas de Photoshop CC;10;8;2014
PHP;Curso de PHP para iniciantes;40;20;2015
Java;Introdução à Linguagem Java;40;29;2015
MySQL;Bancos de Dados MySQL;30;15;2016
Word;Curso completo de Word;40;30;2016
Python;Curso de Python;40;18;2017
POO;Curso de Programação Orientada a Objetos;60;35;2016
Excel;Curso completo de Excel;40;30;2017
Responsividade;Curso de Responsividade;30;15;2018
C++;Curso de C++ com Orientação a Objetos;40;25;2017
C#;Curso de C#;30;12;2017
Android;Curso de Desenvolvimento de Aplicativos para Android;60;30;2018
JavaScript;Curso de JavaScript;35;18;2017
PowerPoint;Curso completo de PowerPoint;30;12;2018
Swift;Curso de Desenvolvimento de Aplicativos para iOS;60;30;2019
Hardware;Curso de Montagem e Manutenção de PCs;30;12;2017
Redes;Curso de Redes para Iniciantes;40;15;2016
Segurança;Curso de Segurança;15;8;2018
SEO;Curso de Otimização de Sites;30;12;2017
Premiere;Curso de Edição de Vídeos com Premiere;20;10;2017
After Effects;Curso de Efeitos em Vídeos com After Effects;20;10;2018
WordPress;Curso de Criação de Sites com WordPress;60;30;2019
Joomla;Curso de Criação de Sites com Joomla;60;30;2019
Magento;Curso de Criação de Lojas Virtuais com Magento;50;25;2019
Modelagem de Dados;Curso de Modelagem de Dados;30;12;2020
HTML4;Curso básico de HTML 4.0;20;9;2010
PHP7;Curso de PHP 7.0;40;20;2020
PHP4;Curso de PHP 4.0;30;11;2010
